y,x,flux_raw,bkg,flux_bkgsub,snr
126.57592429544391,126.56044177478783,18965.30078125,12.658193588256836,17939.987100601196,123.2420330923614
